{
    "train_dataset": "messidor",
    "architecture": "cbam",
    "seed": 42,
    "use_cbam": true,
    "train_losses": [
        1.4657080531899447,
        1.4048836994794458,
        1.3762254559136684,
        1.3278472976746902,
        1.2935974878423355,
        1.2169613526537528,
        1.159688969063603,
        1.063626840223674,
        1.028509576725804,
        0.9831578443252963,
        0.9797289823394975,
        0.9055255838468963,
        0.8670295445747624,
        0.8454394165207358,
        0.7992846552842583
    ],
    "val_losses": [
        1.3618821660026175,
        1.3620666609435785,
        1.2785218395170619,
        1.2929377630108692,
        1.2102482631558278,
        1.1956983996219321,
        1.1660274603327767,
        1.0968537971621655,
        1.1287476543520318,
        1.0515614286797945,
        1.092368911915138,
        1.0791380034118403,
        1.0972438958824657,
        1.0685595606194167,
        1.1272036878789058
    ],
    "best_val_loss": 1.0515614286797945,
    "epochs_run": 15,
    "warmup_epochs_run": 5,
    "warmup_best_val_loss": 1.3513763193224297,
    "two_phase": true
}