{
    "train_dataset": "messidor",
    "architecture": "cbam",
    "seed": 42,
    "use_cbam": true,
    "train_losses": [
        1.610961198027617,
        1.561405092283012,
        1.5384701498193678,
        1.5079256342906577,
        1.478315202239292
    ],
    "val_losses": [
        1.5091412935100619,
        1.4727546465201455,
        1.4445972344914422,
        1.410622736665069,
        1.3513763193224297
    ],
    "best_val_loss": 1.3513763193224297,
    "epochs_run": 5
}