{
    "train_dataset": "messidor",
    "architecture": "cbam",
    "seed": 2025,
    "use_cbam": true,
    "train_losses": [
        1.3708900509316937,
        1.3234060589784111,
        1.2793046243829664,
        1.227211936626559,
        1.172678257125655,
        1.1056103441450331,
        1.1039423412746854,
        1.055631763794843,
        1.0103280302745845,
        0.9447150168076061,
        0.9668448321959552,
        0.9295274576330497,
        0.9086310220699684,
        0.8807551911453796,
        0.898012059965944,
        0.8092700562445946,
        0.824586028756659,
        0.8255029153200536,
        0.7402404157164829
    ],
    "val_losses": [
        1.2040254800046077,
        1.1849095680674568,
        1.2665568945837802,
        1.1660924110256257,
        1.1316813207063519,
        1.1567058426434877,
        1.171924928368115,
        1.0802105872357477,
        1.1697874542142523,
        1.1699576143358574,
        1.1942459168981334,
        1.1426258372478797,
        1.0268416963639806,
        1.0132282663564214,
        1.1521513254916083,
        1.086687979150991,
        1.0198122735883368,
        1.0844709025054682,
        1.0440601837439616
    ],
    "best_val_loss": 1.0132282663564214,
    "epochs_run": 19,
    "warmup_epochs_run": 5,
    "warmup_best_val_loss": 1.2286272345996294,
    "two_phase": true
}