{
    "train_dataset": "messidor",
    "architecture": "cbam",
    "seed": 2025,
    "use_cbam": true,
    "train_losses": [
        1.6092066616793863,
        1.5522720704670825,
        1.5095700345008203,
        1.4744804411931756,
        1.4322248307708043
    ],
    "val_losses": [
        1.5017918672717985,
        1.3907652292095247,
        1.3807914171062532,
        1.3124982001351528,
        1.2286272345996294
    ],
    "best_val_loss": 1.2286272345996294,
    "epochs_run": 5
}