{
    "train_dataset": "odir",
    "architecture": "base",
    "seed": 123,
    "use_cbam": false,
    "train_losses": [
        1.5583083130954918,
        1.3830412322399663,
        1.178437632672927,
        1.0882683743059245,
        1.015767938171337,
        0.9038348059638653,
        0.8278579482066086,
        0.6907416184743246,
        0.74419878393996,
        0.6572813044965656,
        0.5808648778722177,
        0.47853883574990663
    ],
    "val_losses": [
        1.2585807823743977,
        1.0850786474884533,
        1.00037489093718,
        1.0116039002527957,
        1.0046839116049595,
        1.0335950773270404,
        0.9754700848313629,
        1.0135113337000863,
        1.0743671022477697,
        0.9853029348811165,
        1.0153637084804596,
        1.0152867457905754
    ],
    "best_val_loss": 0.9754700848313629,
    "epochs_run": 12
}