{
    "train_dataset": "odir",
    "architecture": "base",
    "seed": 2025,
    "use_cbam": false,
    "train_losses": [
        1.5833393124973072,
        1.434678562326369,
        1.2297217853708204,
        1.10169812744739,
        0.9718167353299708,
        0.9731618910053976,
        0.8772332894256691
    ],
    "val_losses": [
        1.3919741102906524,
        1.088986608239471,
        1.2326549748905369,
        1.1658935593777016,
        1.091737576000026,
        1.1833502445064608,
        1.1915724144607294
    ],
    "best_val_loss": 1.088986608239471,
    "epochs_run": 7
}