{
    "train_dataset": "aptos",
    "architecture": "base",
    "seed": 42,
    "use_cbam": false,
    "train_losses": [
        1.4624807148977044,
        1.0658947139783623,
        0.8729685054105871,
        0.694853338930342,
        0.6447151692864163,
        0.4686850356120689,
        0.4565029568921507,
        0.32624130262658485,
        0.28297527855128246,
        0.21698016512627696,
        0.22230473024393219,
        0.2555277417687809
    ],
    "val_losses": [
        0.8384880757722698,
        0.7329324526864974,
        0.5488008710204578,
        0.5333170335800921,
        0.4846999395089071,
        0.5349422642442047,
        0.3984592922398301,
        0.470026367218768,
        0.5358238712686008,
        0.5053742346216421,
        0.537214036066024,
        0.49177352209560204
    ],
    "best_val_loss": 0.3984592922398301,
    "epochs_run": 12
}