{
    "train_dataset": "messidor",
    "architecture": "base",
    "seed": 42,
    "use_cbam": false,
    "train_losses": [
        1.5573577444537792,
        1.2635357699363061,
        1.1139881400501026,
        0.8398265550339145,
        0.7203899906351675,
        0.7010554308984794,
        0.6573788843123741,
        0.5886734735731985,
        0.48989859622677945,
        0.433977735587974,
        0.411075103906245,
        0.3832482214457069,
        0.3215210579968745
    ],
    "val_losses": [
        1.4018048524856568,
        1.109090528331819,
        0.9991471826053057,
        1.0100494588007694,
        0.9563218386446843,
        1.1719195287735735,
        1.0243869648605097,
        0.8549070827296523,
        0.8788132874692073,
        1.0532833818529472,
        0.9208378838711098,
        0.8887164694363954,
        1.0292127144141274
    ],
    "best_val_loss": 0.8549070827296523,
    "epochs_run": 13
}