{
    "train_dataset": "messidor",
    "architecture": "base",
    "seed": 123,
    "use_cbam": false,
    "train_losses": [
        1.5295407585069245,
        1.2381101842799218,
        0.9466275226056965,
        0.8235504011702693,
        0.7075334078346203,
        0.7150922795526342,
        0.6547566683463801,
        0.5857992191719853,
        0.48712147606743705,
        0.39258883942186446,
        0.35824189154930364,
        0.39429498984922773,
        0.30616869081079573,
        0.2713260083806281
    ],
    "val_losses": [
        1.1748884263585826,
        1.013844690166536,
        0.8776015508370322,
        0.9522811733308386,
        0.8465032413357594,
        0.9067040013485268,
        0.8293912012068951,
        0.82568681865442,
        0.807803545232679,
        0.8130703738478363,
        0.826693501237963,
        0.9047921053698805,
        0.9939573139440818,
        0.9095578127220029
    ],
    "best_val_loss": 0.807803545232679,
    "epochs_run": 14
}