{
    "train_dataset": "odir",
    "architecture": "cbam",
    "seed": 42,
    "use_cbam": true,
    "train_losses": [
        1.5150448722777023,
        1.4792974104289136,
        1.4594858580944585,
        1.4135296290216883,
        1.3721344860550624,
        1.3181394385356529,
        1.2739798025368085,
        1.246376946081523,
        1.180565086065554,
        1.157657973906573,
        1.1151591360179427,
        1.0538834099676095,
        1.1032871124791164,
        1.0767052274903441,
        1.0369684033923678,
        0.9863176906810087,
        0.9856849211493349,
        0.91823457736595,
        0.9586326585096472,
        0.9201187752430735,
        0.8534395671358296,
        0.8850828167659784,
        0.902187294430203,
        0.8201496398526859
    ],
    "val_losses": [
        1.48586181656259,
        1.4432432948565874,
        1.3947300008085908,
        1.384367756765397,
        1.3487633267387016,
        1.2700372785818381,
        1.251602800947721,
        1.2807045709891398,
        1.2767385115388965,
        1.2791989521902116,
        1.4445974533675148,
        1.1426943309971545,
        1.220005382866156,
        1.138992980269135,
        1.2409572319906266,
        1.2251793208669444,
        1.2096483769964,
        1.2944374854447411,
        1.1270475489194276,
        1.233825497158238,
        1.1323374439458378,
        1.221645559248377,
        1.1774399874640293,
        1.1863208587052392
    ],
    "best_val_loss": 1.1270475489194276,
    "epochs_run": 24,
    "warmup_epochs_run": 5,
    "warmup_best_val_loss": 1.4308577635249153,
    "two_phase": true
}