{
    "train_dataset": "odir",
    "architecture": "cbam",
    "seed": 42,
    "use_cbam": true,
    "train_losses": [
        1.6159015083624646,
        1.582117827889187,
        1.564174507957658,
        1.5389794095668918,
        1.5160368423835904
    ],
    "val_losses": [
        1.5058446415135118,
        1.503655234712069,
        1.4930653466552986,
        1.477192319416609,
        1.4308577635249153
    ],
    "best_val_loss": 1.4308577635249153,
    "epochs_run": 5
}