{
    "train_dataset": "aptos",
    "architecture": "base",
    "seed": 123,
    "use_cbam": false,
    "train_losses": [
        1.466617324773003,
        1.0835340007457859,
        0.8647754698796989,
        0.7037692066111596,
        0.5576974461281222,
        0.5428919135745055,
        0.46637318015488144,
        0.3875359772077573,
        0.36665110952324337,
        0.2842920206341089,
        0.1866755431968402,
        0.2437171456860561,
        0.1860001371576895,
        0.14031309800015557,
        0.13246729736843335
    ],
    "val_losses": [
        0.7989606630606729,
        0.6609173004744483,
        0.5102866110254507,
        0.480140016118034,
        0.5197503582375949,
        0.48951392760042284,
        0.5524392491481344,
        0.5202511709244525,
        0.43277222445753755,
        0.3975635856878562,
        0.4236018063592129,
        0.44310400173312325,
        0.4746821598928483,
        0.6165006182232841,
        0.5308724716061451
    ],
    "best_val_loss": 0.3975635856878562,
    "epochs_run": 15
}