{
    "train_dataset": "aptos",
    "architecture": "cbam",
    "seed": 2025,
    "use_cbam": true,
    "train_losses": [
        1.0883140092581705,
        1.0095939597273185,
        0.9436002724310931,
        0.8592781716702032,
        0.8186316190202252,
        0.7568749337414511,
        0.706033822368173,
        0.6859294059229832,
        0.642479158694448,
        0.5799672813976512,
        0.5808312476070878,
        0.5531602512582455,
        0.5045482198786891,
        0.5087299728705212,
        0.45437638296021354,
        0.408476388142779,
        0.4126769419199501,
        0.41824645758454315,
        0.3944471260301428,
        0.37383004282814225,
        0.3662863552959916,
        0.3696891901150248,
        0.3734421198274575,
        0.3592520115617054
    ],
    "val_losses": [
        0.7550715309674623,
        0.6316700126304001,
        0.6131488964205882,
        0.5499142369285959,
        0.5626790883111172,
        0.5313952719578977,
        0.5287379010778959,
        0.5159208930906702,
        0.5190678627764592,
        0.5122336192209213,
        0.4874097261272493,
        0.5323869677840686,
        0.4554935592119811,
        0.476228416161459,
        0.456426480559052,
        0.45737569253952776,
        0.43945093115822215,
        0.46900494919448604,
        0.4340388759237821,
        0.46271002019037966,
        0.46538694725661983,
        0.48245857309122553,
        0.4710960837661243,
        0.4376639745274528
    ],
    "best_val_loss": 0.4340388759237821,
    "epochs_run": 24,
    "warmup_epochs_run": 5,
    "warmup_best_val_loss": 0.7665652642484571,
    "two_phase": true
}