{
    "train_dataset": "aptos",
    "architecture": "cbam",
    "seed": 2025,
    "use_cbam": true,
    "train_losses": [
        1.57772990769031,
        1.4635674283395406,
        1.365804800021103,
        1.2625181994407007,
        1.1619758722828883
    ],
    "val_losses": [
        1.4115484675423045,
        1.19578329969625,
        1.0822041699143707,
        0.8989419139799525,
        0.7665652642484571
    ],
    "best_val_loss": 0.7665652642484571,
    "epochs_run": 5
}