{
    "train_dataset": "messidor",
    "architecture": "base",
    "seed": 2025,
    "use_cbam": false,
    "train_losses": [
        1.5573069558424109,
        1.310021531348135,
        0.9995687163733189,
        0.841212302251579,
        0.8285131251889896,
        0.7242657966863096,
        0.6690770005868152,
        0.5527448354203717,
        0.46245812590605295,
        0.43303000849056866,
        0.41407740622564077,
        0.35214036644673813,
        0.3245442256428837,
        0.30854015276322955,
        0.32716868476930006
    ],
    "val_losses": [
        1.3600159793603617,
        1.1009728064302537,
        1.0253350502154865,
        0.9997353229366365,
        0.9108098694535552,
        0.9661825723335391,
        1.014802384767376,
        0.9124255848712608,
        0.9256880234499447,
        0.858279055845542,
        0.93635470945327,
        0.9069870323431296,
        0.896701835022598,
        1.0091978147381642,
        0.8990656381747761
    ],
    "best_val_loss": 0.858279055845542,
    "epochs_run": 15
}