{
    "train_dataset": "messidor",
    "architecture": "cbam",
    "seed": 123,
    "use_cbam": true,
    "train_losses": [
        1.3826862152884989,
        1.2771061728982365,
        1.2046728523728114,
        1.1230034641191071,
        1.0491875869775908,
        1.024532336425158,
        0.9344197527255887,
        0.8987257652033388,
        0.8578432837342904,
        0.8141542447158714,
        0.7773737833390828,
        0.78181035923802,
        0.7599266845416399,
        0.7672975869739757,
        0.6836327688366759,
        0.7126853138792748,
        0.6548954797726051,
        0.6636979825356427,
        0.6742049389415317,
        0.6287038606755874,
        0.613187423718521,
        0.6122550703341665,
        0.5894112544122085,
        0.5631057904436697,
        0.5547858975292032
    ],
    "val_losses": [
        1.3028457418816988,
        1.2507468661323922,
        1.10254171480898,
        1.0422279209387106,
        1.1908069575419191,
        1.1101109434346683,
        1.062761197324659,
        1.0572387898554567,
        0.9563491532059967,
        0.9540126065738865,
        0.9335587954912029,
        0.9811795531726274,
        1.0082773024918603,
        0.925996762807252,
        0.9116481909986403,
        0.9087612812636329,
        0.8732141905143612,
        0.9015615088040712,
        0.8843668382675921,
        0.9462698037507105,
        0.8477130796088547,
        0.8596991148151335,
        0.8693910970062506,
        0.8660987420160262,
        0.936478356064343
    ],
    "best_val_loss": 0.8477130796088547,
    "epochs_run": 25,
    "warmup_epochs_run": 5,
    "warmup_best_val_loss": 1.2374116709974945,
    "two_phase": true
}