{
    "train_dataset": "messidor",
    "architecture": "cbam",
    "seed": 123,
    "use_cbam": true,
    "train_losses": [
        1.6023424910564048,
        1.5407535344167473,
        1.498149534456091,
        1.4484916489108715,
        1.3866575535605936
    ],
    "val_losses": [
        1.4870100083898325,
        1.409498480499768,
        1.435581965133792,
        1.3447019874072466,
        1.2374116709974945
    ],
    "best_val_loss": 1.2374116709974945,
    "epochs_run": 5
}