{
    "train_dataset": "odir",
    "architecture": "cbam",
    "seed": 123,
    "use_cbam": true,
    "train_losses": [
        1.4904521353104536,
        1.4395089990952437,
        1.4081867013881408,
        1.3548331969703724,
        1.3077678688211378,
        1.249316601581823,
        1.1769362220577164,
        1.1636781708087796,
        1.1298391445010316,
        1.0402749052234725,
        1.0496879925135694,
        1.0151301217234991,
        0.9575840904821757,
        0.9531629584194009
    ],
    "val_losses": [
        1.4287573658052037,
        1.4056555794887855,
        1.3415276980790936,
        1.2373624727374217,
        1.319175479842014,
        1.2156257531682,
        1.2496862931329695,
        1.1820621334138464,
        1.107376199472146,
        1.1291902264610665,
        1.1774315275129725,
        1.2572339302203694,
        1.1637542785191146,
        1.1136065983381427
    ],
    "best_val_loss": 1.107376199472146,
    "epochs_run": 14,
    "warmup_epochs_run": 5,
    "warmup_best_val_loss": 1.3934198059019496,
    "two_phase": true
}