{
    "train_dataset": "odir",
    "architecture": "cbam",
    "seed": 123,
    "use_cbam": true,
    "train_losses": [
        1.6190432084152122,
        1.5794990724987454,
        1.5537005242179422,
        1.529737732768838,
        1.494197253308265
    ],
    "val_losses": [
        1.5116174041247759,
        1.4943005999580758,
        1.5346212054862352,
        1.4693577242679283,
        1.3934198059019496
    ],
    "best_val_loss": 1.3934198059019496,
    "epochs_run": 5
}