{
    "train_dataset": "aptos",
    "architecture": "cbam",
    "seed": 42,
    "use_cbam": true,
    "train_losses": [
        1.2015337453168982,
        1.1264622959436155,
        1.0842815216849833,
        1.0064689041742312,
        0.9573357327311647,
        0.9017562632467232,
        0.8751300175984701,
        0.8340930977677987,
        0.7967620028389825,
        0.77641164126739,
        0.774534061064128,
        0.6756922431241453,
        0.7067211539137597,
        0.6520563258844263,
        0.6513195010571698,
        0.5841054655368032,
        0.5930313467979431,
        0.5538310562473496,
        0.5169514612434736,
        0.5309163113824682,
        0.5367847567095476,
        0.5081751007659763
    ],
    "val_losses": [
        0.8578853525099207,
        0.774628234300457,
        0.700118727762191,
        0.6860534558530713,
        0.631527515708423,
        0.6047157271963651,
        0.5943945544664977,
        0.6214150741452077,
        0.5703354382124104,
        0.5500250808528212,
        0.5493214529068744,
        0.5667345390945184,
        0.5327553213619795,
        0.5226148746052727,
        0.5538934117457905,
        0.5238091523530053,
        0.5023882181918035,
        0.5330858773872501,
        0.5357100557108394,
        0.5149472670476944,
        0.5155897425823525,
        0.5245488471672183
    ],
    "best_val_loss": 0.5023882181918035,
    "epochs_run": 22,
    "warmup_epochs_run": 5,
    "warmup_best_val_loss": 0.9434812291723783,
    "two_phase": true
}