{
    "train_dataset": "aptos",
    "architecture": "cbam",
    "seed": 42,
    "use_cbam": true,
    "train_losses": [
        1.5879050695818233,
        1.498154179722655,
        1.4171945456585853,
        1.3219894871992224,
        1.25541357199351
    ],
    "val_losses": [
        1.4155664928623888,
        1.2868289161901005,
        1.1665981398254144,
        1.050348723520998,
        0.9434812291723783
    ],
    "best_val_loss": 0.9434812291723783,
    "epochs_run": 5
}