{
    "train_dataset": "odir",
    "architecture": "cbam",
    "seed": 2025,
    "use_cbam": true,
    "train_losses": [
        1.4713169554479761,
        1.4207514976364335,
        1.3627600186790516,
        1.3171299610262603,
        1.250048838409723,
        1.2226376821792204,
        1.1984248145733005,
        1.158173291511785,
        1.1442560962602204,
        1.1057185994254217,
        1.1053626030878303,
        1.0813252006480896,
        1.09039310068866
    ],
    "val_losses": [
        1.3927997917425436,
        1.3538715069411231,
        1.3463478471412034,
        1.315520152107614,
        1.3386678895012276,
        1.2673340469110208,
        1.3075728103762767,
        1.23509810869811,
        1.264894609373124,
        1.23963734595502,
        1.3163196419106156,
        1.3422541329118072,
        1.2604951823343997
    ],
    "best_val_loss": 1.23509810869811,
    "epochs_run": 13,
    "warmup_epochs_run": 5,
    "warmup_best_val_loss": 1.382111481760369,
    "two_phase": true
}