{
    "train_dataset": "odir",
    "architecture": "cbam",
    "seed": 2025,
    "use_cbam": true,
    "train_losses": [
        1.6195097702001435,
        1.571543613290475,
        1.543370032622144,
        1.5238536409303254,
        1.4789035928015615
    ],
    "val_losses": [
        1.5120725635622367,
        1.4493605410466428,
        1.4684101311886897,
        1.4529811945117888,
        1.382111481760369
    ],
    "best_val_loss": 1.382111481760369,
    "epochs_run": 5
}