{
    "train_dataset": "aptos",
    "architecture": "base",
    "seed": 2025,
    "use_cbam": false,
    "train_losses": [
        1.4567894062964746,
        1.0869160991868163,
        0.8675019744954078,
        0.7292893680871702,
        0.6843238484625723,
        0.552590522111631,
        0.38152684105767143,
        0.36725980725163726,
        0.29475508367314057,
        0.2618144234411078
    ],
    "val_losses": [
        0.7548796051838359,
        0.5686652824526928,
        0.52447120947916,
        0.5588370854737329,
        0.46390357564707274,
        0.5402848212445368,
        0.4914919954831483,
        0.5042257820973631,
        0.524123709709918,
        0.5367234527087602
    ],
    "best_val_loss": 0.46390357564707274,
    "epochs_run": 10
}