{
    "train_dataset": "odir",
    "architecture": "base",
    "seed": 42,
    "use_cbam": false,
    "train_losses": [
        1.5932799453049704,
        1.4167622429093505,
        1.2020154536939134,
        1.1421991656808292,
        0.9895918310857287,
        0.8299084068123811,
        0.7677786474913554,
        0.7087932918585983,
        0.642888571312225,
        0.6709481477737427
    ],
    "val_losses": [
        1.445236693444799,
        1.2474538795283583,
        1.1913827051881885,
        1.196358051456389,
        1.1835315368214592,
        1.353109076374867,
        1.4966341089029782,
        1.2446412375715912,
        1.3411478511622694,
        1.4946013833655685
    ],
    "best_val_loss": 1.1835315368214592,
    "epochs_run": 10
}