{
    "train_dataset": "aptos",
    "architecture": "cbam",
    "seed": 123,
    "use_cbam": true,
    "train_losses": [
        1.1195091912949007,
        1.0744124635372287,
        0.9792504080759934,
        0.9601535282882989,
        0.926204027693256,
        0.8699852719026453,
        0.7914804804558847,
        0.7569600873523288,
        0.7076064885831347,
        0.6862384618497362,
        0.6402284701665243,
        0.6022621683435503,
        0.5734086574292651,
        0.5490084884603039,
        0.5008986494899575,
        0.5063740663668689,
        0.494549471568438,
        0.48360252302456525,
        0.44336912211249857,
        0.3843451056605071,
        0.3573881687681659,
        0.3714647967051836,
        0.32060980757856683,
        0.3235800153289745,
        0.2895568597550486
    ],
    "val_losses": [
        0.7419315514017324,
        0.6436118974060309,
        0.6263450763264641,
        0.5369235820457584,
        0.6063676411988306,
        0.5321543638823463,
        0.5476535062320896,
        0.5177729684798444,
        0.5039285816130091,
        0.49950139757062567,
        0.5157577627994975,
        0.47233905714066304,
        0.4634253662140643,
        0.5349838424901493,
        0.4236273792923474,
        0.5204851560905331,
        0.4257454332758169,
        0.4392992516032985,
        0.4526781175957351,
        0.4181067236134263,
        0.45264942958706716,
        0.439474609249928,
        0.43777754463133267,
        0.46428340614819136,
        0.45416804571620756
    ],
    "best_val_loss": 0.4181067236134263,
    "epochs_run": 25,
    "warmup_epochs_run": 5,
    "warmup_best_val_loss": 0.7110254361981251,
    "two_phase": true
}