{
    "train_dataset": "aptos",
    "architecture": "cbam",
    "seed": 123,
    "use_cbam": true,
    "train_losses": [
        1.5814574575112537,
        1.4305302270876816,
        1.3235195337557326,
        1.2303658770579917,
        1.140347999295378
    ],
    "val_losses": [
        1.4110916110335803,
        1.150644738947759,
        0.9797252186009141,
        0.8519808691056048,
        0.7110254361981251
    ],
    "best_val_loss": 0.7110254361981251,
    "epochs_run": 5
}